{
  "within": 0.10045940428972244,
  "across": 0.11873763054609299
}