{
  "within": 0.14975595474243164,
  "across": 0.17715111374855042
}