{
  "within": 0.06077319383621216,
  "across": 0.07012028247117996
}