{
  "within": 0.1722327321767807,
  "across": 0.19755350053310394
}