{
  "within": 0.13123556971549988,
  "across": 0.14639507234096527
}