{
  "within": 0.11966127157211304,
  "across": 0.14043407142162323
}