{
  "within": 0.07609041035175323,
  "across": 0.09474357217550278
}