{
  "within": 0.07767811417579651,
  "across": 0.09003613144159317
}