{
  "within": 0.10059873014688492,
  "across": 0.1199643686413765
}