{
  "within": 0.10431699454784393,
  "across": 0.12435612082481384
}