{
  "within": 0.0487915575504303,
  "across": 0.058199137449264526
}