{
  "within": 0.09946965426206589,
  "across": 0.11875968426465988
}