{
  "within": 0.03656436875462532,
  "across": 0.042568307369947433
}