{
  "within": 0.16385236382484436,
  "across": 0.18176572024822235
}