{
  "within": 0.08759979903697968,
  "across": 0.10269304364919662
}