{
  "within": 0.09877177327871323,
  "across": 0.11472836881875992
}